﻿pos_x,pos_y,rotation,side,designator,mpn,pack,footprint,value,mount_type,place
105.13,-46.01,-90.0,bottom,A1,,,Arduino_Nano,Arduino_Nano_Every,tht,True
61.25,-65.0,90.0,top,J1,,,PinHeader_1x03_P2.54mm_Vertical,Conn_01x03_Pin,tht,True
183.25,-85.0,90.0,top,J10,,,PinHeader_1x03_P2.54mm_Vertical,Conn_01x03_Pin,tht,True
202.25,-85.0,90.0,top,J11,,,PinHeader_1x03_P2.54mm_Vertical,Conn_01x03_Pin,tht,True
221.0,-85.0,90.0,top,J12,,,PinHeader_1x03_P2.54mm_Vertical,Conn_01x03_Pin,tht,True
240.0,-85.0,90.0,top,J13,,,PinHeader_1x03_P2.54mm_Vertical,Conn_01x03_Pin,tht,True
156.0,-76.5,180.0,top,J14,,,PinHeader_1x03_P2.54mm_Vertical,Conn_01x03_Pin,tht,True
151.75,-80.775,180.0,top,J15,,,PinHeader_1x03_P2.54mm_Vertical,Conn_01x03_Pin,tht,True
151.75,-71.5,180.0,top,J16,,,PinHeader_1x03_P2.54mm_Vertical,Conn_01x03_Pin,tht,True
241.75,-70.96,0.0,top,J17,,,PinHeader_1x02_P2.54mm_Vertical,Conn_01x02_Pin,tht,True
83.25,-65.0,90.0,top,J2,,,PinHeader_1x03_P2.54mm_Vertical,Conn_01x03_Pin,tht,True
102.25,-65.0,90.0,top,J3,,,PinHeader_1x03_P2.54mm_Vertical,Conn_01x03_Pin,tht,True
121.0,-65.0,90.0,top,J4,,,PinHeader_1x03_P2.54mm_Vertical,Conn_01x03_Pin,tht,True
140.0,-65.0,90.0,top,J5,,,PinHeader_1x03_P2.54mm_Vertical,Conn_01x03_Pin,tht,True
51.75,-60.775,180.0,top,J6,,,PinHeader_1x03_P2.54mm_Vertical,Conn_01x03_Pin,tht,True
51.75,-51.5,180.0,top,J7,,,PinHeader_1x03_P2.54mm_Vertical,Conn_01x03_Pin,tht,True
56.0,-56.5,180.0,top,J8,,,PinHeader_1x03_P2.54mm_Vertical,Conn_01x03_Pin,tht,True
161.25,-85.0,90.0,top,J9,,,PinHeader_1x03_P2.54mm_Vertical,Conn_01x03_Pin,tht,True
102.75,-114.94,-90.0,top,R1,,,R_Axial_DIN0204_L3.6mm_D1.6mm_P7.62mm_Horizontal,10K,tht,True
83.5,-114.69,-90.0,top,R2,,,R_Axial_DIN0204_L3.6mm_D1.6mm_P7.62mm_Horizontal,10K,tht,True
62.0,-114.94,-90.0,top,R3,,,R_Axial_DIN0204_L3.6mm_D1.6mm_P7.62mm_Horizontal,10K,tht,True
121.5,-115.0,-90.0,top,R4,,,R_Axial_DIN0204_L3.6mm_D1.6mm_P7.62mm_Horizontal,10K,tht,True
140.75,-114.94,-90.0,top,R5,,,R_Axial_DIN0204_L3.6mm_D1.6mm_P7.62mm_Horizontal,10K,tht,True
61.79,-128.42,0.0,top,SW1,,,SW_Cherry_MX_1.00u_PCB,Button 1,tht,True
83.29,-128.42,0.0,top,SW2,,,SW_Cherry_MX_1.00u_PCB,Button 2,tht,True
102.29,-128.42,0.0,top,SW3,,,SW_Cherry_MX_1.00u_PCB,Button 3,tht,True
121.29,-128.42,0.0,top,SW4,,,SW_Cherry_MX_1.00u_PCB,Button 4,tht,True
140.29,-128.42,0.0,top,SW5,,,SW_Cherry_MX_1.00u_PCB,Button 5,tht,True
49.25,-63.25,0.0,top,Slider1,,,Custom Slide Potentiometer Double Linear 10K,~,tht,True
71.25,-63.25,0.0,top,Slider2,,,Custom Slide Potentiometer Double Linear 10K,~,tht,True
90.25,-63.25,0.0,top,Slider3,,,Custom Slide Potentiometer Double Linear 10K,~,tht,True
109.25,-63.25,0.0,top,Slider4,,,Custom Slide Potentiometer Double Linear 10K,~,tht,True
128.25,-63.25,0.0,top,Slider5,,,Custom Slide Potentiometer Double Linear 10K,~,tht,True
158.0,-89.0,0.0,top,U1,,,Custom LED Strip,~,smt,True
180.0,-89.0,0.0,top,U2,,,Custom LED Strip,~,smt,True
199.0,-89.0,0.0,top,U3,,,Custom LED Strip,~,smt,True
218.0,-89.0,0.0,top,U4,,,Custom LED Strip,~,smt,True
237.0,-89.0,0.0,top,U5,,,Custom LED Strip,~,smt,True
167.0,-70.25,0.0,top,U6,,,Custom Spin Potentiometer,~,tht,True
192.75,-70.25,0.0,top,U7,,,Custom Spin Potentiometer,~,tht,True
218.5,-70.25,0.0,top,U8,,,Custom Spin Potentiometer,~,tht,True
