﻿pos_x,pos_y,rotation,side,designator,mpn,pack,footprint,value,mount_type,place
91.06,-61.24,90.0,bottom,A1,,,Arduino_Nano,Arduino_Nano_Every,tht,True
61.96,-65.0,90.0,top,J1,,,PinHeader_1x03_P2.54mm_Vertical,Conn_01x03_Pin,tht,True
83.5,-65.0,90.0,top,J2,,,PinHeader_1x03_P2.54mm_Vertical,Conn_01x03_Pin,tht,True
102.75,-65.0,90.0,top,J3,,,PinHeader_1x03_P2.54mm_Vertical,Conn_01x03_Pin,tht,True
121.225,-65.0,90.0,top,J4,,,PinHeader_1x03_P2.54mm_Vertical,Conn_01x03_Pin,tht,True
140.5,-65.0,90.0,top,J5,,,PinHeader_1x03_P2.54mm_Vertical,Conn_01x03_Pin,tht,True
102.75,-114.94,-90.0,top,R1,,,R_Axial_DIN0204_L3.6mm_D1.6mm_P7.62mm_Horizontal,10K,tht,True
83.5,-114.69,-90.0,top,R2,,,R_Axial_DIN0204_L3.6mm_D1.6mm_P7.62mm_Horizontal,10K,tht,True
62.0,-114.94,-90.0,top,R3,,,R_Axial_DIN0204_L3.6mm_D1.6mm_P7.62mm_Horizontal,10K,tht,True
121.5,-115.0,-90.0,top,R4,,,R_Axial_DIN0204_L3.6mm_D1.6mm_P7.62mm_Horizontal,10K,tht,True
140.75,-114.94,-90.0,top,R5,,,R_Axial_DIN0204_L3.6mm_D1.6mm_P7.62mm_Horizontal,10K,tht,True
61.79,-128.42,0.0,top,SW1,,,SW_Cherry_MX_1.00u_PCB,Button 1,tht,True
83.29,-128.42,0.0,top,SW2,,,SW_Cherry_MX_1.00u_PCB,Button 2,tht,True
102.29,-128.42,0.0,top,SW3,,,SW_Cherry_MX_1.00u_PCB,Button 3,tht,True
121.29,-128.42,0.0,top,SW4,,,SW_Cherry_MX_1.00u_PCB,Button 4,tht,True
140.29,-128.42,0.0,top,SW5,,,SW_Cherry_MX_1.00u_PCB,Button 5,tht,True
49.875,-63.25,0.0,top,Slider1,,,Custom Slide Potentiometer Double Linear 10K,~,tht,True
71.375,-63.25,0.0,top,Slider2,,,Custom Slide Potentiometer Double Linear 10K,~,tht,True
90.625,-63.25,0.0,top,Slider3,,,Custom Slide Potentiometer Double Linear 10K,~,tht,True
109.375,-63.25,0.0,top,Slider4,,,Custom Slide Potentiometer Double Linear 10K,~,tht,True
128.625,-63.25,0.0,top,Slider5,,,Custom Slide Potentiometer Double Linear 10K,~,tht,True
