﻿pos_x,pos_y,rotation,side,designator,mpn,pack,footprint,value,mount_type,place
102.81,-55.75,90.0,top,A1,,,Arduino_Nano,Arduino_Nano_Every,tht,True
75.0,-67.5,0.0,top,Slider1,,,Custom Slide Potentiometer Double Linear 10K,~,tht,True
90.0,-67.5,0.0,top,Slider2,,,Custom Slide Potentiometer Double Linear 10K,~,tht,True
105.0,-67.5,0.0,top,Slider3,,,Custom Slide Potentiometer Double Linear 10K,~,tht,True
120.0,-67.5,0.0,top,Slider4,,,Custom Slide Potentiometer Double Linear 10K,~,tht,True
135.0,-67.5,0.0,top,Slider5,,,Custom Slide Potentiometer Double Linear 10K,~,tht,True
