﻿Designator,Quantity,Value,Footprint,Package,MPN,DNP,Mount_Type,Description
A1,1,Arduino_Nano_Every,Arduino_Nano,,,,tht,Arduino Nano Every
"J1, J2, J3, J4, J5",5,Conn_01x03_Pin,PinHeader_1x03_P2.54mm_Vertical,,,,tht,"Generic connector, single row, 01x03, script generated"
"R1, R2, R3, R4, R5",5,10K,R_Axial_DIN0204_L3.6mm_D1.6mm_P7.62mm_Horizontal,,,,tht,Resistor
SW1,1,Button 1,SW_Cherry_MX_1.00u_PCB,,,,tht,"Push button switch, generic, two pins"
SW2,1,Button 2,SW_Cherry_MX_1.00u_PCB,,,,tht,"Push button switch, generic, two pins"
SW3,1,Button 3,SW_Cherry_MX_1.00u_PCB,,,,tht,"Push button switch, generic, two pins"
SW4,1,Button 4,SW_Cherry_MX_1.00u_PCB,,,,tht,"Push button switch, generic, two pins"
SW5,1,Button 5,SW_Cherry_MX_1.00u_PCB,,,,tht,"Push button switch, generic, two pins"
"Slider1, Slider2, Slider3, Slider4, Slider5",5,~,Custom Slide Potentiometer Double Linear 10K,,,,tht,
